ID,NOME,CPF,IDADE,DT_NASC,SENHA
1,Maria Fernanda Cassiano,033.217.310-03,51,14/11/1974,0503
2,Brayan Vasconcelos,059.813.420-02,5,12/03/2021,7398
3,Maria Laura Fernandes,042.605.182-38,33,07/03/1993,3495
4,Aurora Albuquerque,094.857.041-44,9,15/07/2016,2087
5,Allana Oliveira,017.769.960-23,2,03/09/2023,6917
6,Sr. Benício Viana,060.949.534-21,3,15/03/2023,7911
7,Vinícius Silveira,008.117.432-20,16,18/02/2010,4199
8,Maria Vasconcelos,021.019.682-03,31,21/08/1994,0609
9,Sabrina Lima,039.851.782-65,75,18/12/1950,6475
10,Olivia Leão,076.236.503-23,33,21/12/1992,8327
11,Jade Costela,025.608.593-50,16,31/01/2010,3194
12,Luigi Casa Grande,057.204.644-01,46,28/08/1979,3400
13,Leonardo Pastor,026.642.344-17,34,19/03/1992,5715
14,Dra. Maria Cecília Pires,079.063.019-96,19,14/11/2006,6296
15,Gael Henrique Duarte,079.173.037-93,39,08/05/1987,4283
16,Bárbara Pastor,073.945.885-88,7,16/05/2018,6931
17,Bento Vieira,071.400.520-68,60,06/02/1966,0204
18,Luigi Novaes,067.818.323-90,55,30/06/1970,8797
19,André Peixoto,073.526.512-78,37,05/06/1988,9731
20,Beatriz da Rosa,080.457.701-56,42,30/10/1983,3038
21,Bella Farias,081.465.751-91,33,20/11/1992,3570
22,Liz Machado,037.387.264-87,31,21/04/1995,7662
23,Srta. Lívia Borges,029.832.665-51,50,27/12/1975,5548
24,Enzo Sousa,015.255.679-90,46,31/01/1980,5190
25,Emilly Abreu,083.540.624-26,32,24/07/1993,2719
26,Sr. Henry Gabriel da Rosa,010.183.821-58,13,11/11/2012,1409
27,Nathan Sampaio,088.155.403-44,32,08/02/1994,2222
28,Emilly Martins,010.936.484-67,18,01/03/2008,7666
29,Marcos Vinicius Freitas,041.192.380-73,50,26/08/1975,3038
30,Zoe Cassiano,004.271.581-36,0,17/05/2025,3140
31,Caleb Cirino,032.714.121-58,52,15/07/1973,0358
32,João Gabriel Oliveira,035.177.131-79,6,24/12/2019,1442
33,Dra. Alice Aragão,072.294.864-35,74,20/12/1951,5312
34,Carlos Eduardo Azevedo,075.592.209-61,55,12/09/1970,0690
35,Arthur Gabriel Fernandes,034.423.929-86,17,29/03/2009,9565
36,Vinicius Brito,043.015.217-97,80,04/01/1946,2679
37,Ravi Lucca Novais,039.258.221-57,3,19/02/2023,2753
38,André Campos,064.298.698-19,13,20/02/2013,8175
39,Kevin Rios,033.467.586-04,67,26/01/1959,0752
40,Marcela Pereira,029.666.859-10,38,14/03/1988,5860
41,Maria Liz Dias,094.199.415-94,56,03/12/1969,5052
42,Rebeca Lima,028.933.004-35,49,02/03/1977,2004
43,Laura Nogueira,003.967.774-58,42,27/07/1983,0375
44,Sr. Danilo Pires,027.616.740-57,17,15/07/2008,9819
45,Antony Castro,038.214.353-90,1,19/05/2024,3694
46,Luísa Barbosa,075.329.031-59,75,11/06/1950,2348
47,Ana Carolina Cavalcante,089.942.412-18,4,26/06/2021,9947
48,Letícia Ribeiro,069.538.323-06,35,07/08/1990,4390
49,Sarah Casa Grande,025.485.153-82,38,01/08/1987,2391
50,Dr. Igor da Rocha,062.910.506-83,77,30/06/1948,1541
51,Ana Beatriz Sampaio,084.437.494-88,62,03/08/1963,6819
52,Apollo da Luz,008.298.937-17,23,31/08/2002,3830
53,Ísis Albuquerque,034.419.312-20,80,28/04/1946,5239
54,Catarina Moura,096.025.407-31,25,29/12/2000,8483
55,Maria Gonçalves,088.777.465-60,67,07/12/1958,9860
56,Calebe Melo,056.260.259-42,44,17/03/1982,8740
57,Dr. Nicolas da Mota,015.342.313-75,57,05/02/1969,5199
58,João Miguel das Neves,093.661.072-91,8,14/12/2017,8846
59,Julia Lopes,060.411.664-95,15,13/08/2010,0200
60,Danilo Costa,094.005.386-59,11,02/08/2014,9938
61,Luiz Fernando da Mota,020.489.341-06,61,04/04/1965,6984
62,Luísa Ferreira,006.270.181-74,46,27/02/1980,4906
63,Joana Pires,096.543.302-32,17,20/05/2008,6336
64,Ana Sophia Vargas,053.912.565-28,66,16/03/1960,4985
65,João Vitor Rodrigues,078.164.653-14,37,20/10/1988,6501
66,Stephany Barros,000.344.665-49,44,21/07/1981,0749
67,Luara Oliveira,098.207.830-94,35,17/01/1991,6246
68,Ana Vitória Souza,006.415.824-56,38,25/09/1987,9088
69,Melina Azevedo,033.737.660-07,45,04/08/1980,4814
70,Oliver Peixoto,006.214.573-96,44,23/02/1982,5489
71,Davi Lucas Lima,071.789.414-01,79,07/03/1947,2428
72,Milena Monteiro,023.798.947-16,6,18/12/2019,6886
73,Yan Viana,042.083.474-25,19,30/09/2006,5676
74,Dr. Otto da Paz,044.159.053-92,17,20/02/2009,9972
75,Jade Casa Grande,013.328.573-07,29,09/05/1997,3231
76,Otávio da Mata,088.924.345-74,0,08/11/2025,7753
77,Carlos Eduardo Cavalcanti,013.240.549-85,68,01/12/1957,4396
78,Davi Lucca Garcia,072.425.882-49,69,14/04/1957,7255
79,Thomas Porto,009.398.139-28,66,06/01/1960,2637
80,Isabela Cavalcante,070.084.645-51,51,23/06/1974,2402
81,Júlia das Neves,047.736.836-13,51,26/04/1975,7730
82,Maria Cecília Alves,046.808.776-20,30,29/11/1995,9013
83,Davi Azevedo,084.284.418-30,2,30/06/2023,5033
84,Dra. Alexia da Cunha,053.183.457-45,53,17/02/1973,8946
85,André Costa,050.524.866-82,23,28/03/2003,7523
86,Srta. Mariane Martins,064.245.258-00,66,18/04/1960,0048
87,Maysa Sampaio,034.077.856-40,59,15/06/1966,0780
88,Sara Novais,095.156.697-72,0,31/08/2025,5915
89,Allana da Rocha,025.526.316-04,74,03/01/1952,9456
90,Benjamim Nascimento,053.043.511-07,1,04/09/2024,6318
91,Maria Helena Albuquerque,001.738.917-19,75,02/05/1951,7574
92,Kaique Cavalcante,058.243.708-21,12,01/02/2014,2154
93,Ana Lívia Cavalcanti,016.225.423-82,52,18/03/1974,5730
94,Maria Fernanda Borges,092.927.028-78,63,17/01/1963,3394
95,Lavínia Azevedo,089.599.378-54,53,05/01/1973,7975
96,Sr. Pedro Sales,038.619.054-97,66,20/07/1959,5177
97,Luan Santos,019.104.752-75,34,29/01/1992,4912
98,Dr. Erick Aparecida,035.120.310-40,33,23/06/1992,9004
99,Gabriel Castro,020.257.481-65,67,30/04/1959,9435
100,José Barbosa,021.422.492-82,56,07/11/1969,7563
101,Vitor Gabriel Rocha,046.638.670-56,47,18/09/1978,0055
102,João Lucas Gonçalves,099.012.619-52,30,19/03/1996,2491
103,Henry Jesus,023.190.147-84,62,18/04/1964,7740
104,Antônio Almeida,037.389.754-90,75,27/10/1950,2499
105,Eduardo Novais,024.135.972-77,45,07/09/1980,5059
106,Gael Leão,057.038.800-36,79,14/09/1946,9217
107,Bruna Leão,075.256.612-87,68,16/03/1958,1576
108,Nina Cavalcante,061.180.514-60,2,20/04/2024,4209
109,José Sales,067.143.498-53,42,18/08/1983,1996
110,Vinicius Nascimento,028.602.628-24,17,10/06/2008,1353
111,Bruna Andrade,050.394.438-90,22,29/09/2003,1084
112,Luara Araújo,018.335.276-33,9,15/07/2016,1848
113,Levi Azevedo,029.649.776-23,53,19/03/1973,0728
114,Dra. Maria Liz Leão,091.088.565-91,14,06/03/2012,2929
115,Sra. Laura Camargo,034.689.274-15,63,25/07/1962,7783
116,Vicente Camargo,096.913.052-34,24,14/02/2002,3479
117,Marcelo Correia,077.711.645-80,73,22/09/1952,5646
118,Valentim da Rosa,039.664.629-37,10,03/08/2015,0108
119,Danilo Azevedo,052.346.661-33,9,03/04/2017,1144
120,Maria Julia Sales,066.001.430-15,50,19/03/1976,6463
121,Renan Oliveira,008.773.220-79,48,24/11/1977,9030
122,Sra. Lavínia Vasconcelos,057.777.055-67,25,31/01/2001,8412
123,Maria Isis Abreu,079.977.232-32,28,09/09/1997,3642
124,Bento Pimenta,096.927.986-97,13,26/09/2012,4423
125,Vinícius Ferreira,065.610.500-89,4,09/04/2022,1854
126,Luana Rocha,093.432.480-58,30,10/06/1995,8519
127,Thales Ramos,067.509.990-38,41,06/12/1984,4052
128,Ágatha Fonseca,093.209.411-94,70,03/11/1955,2264
129,Agatha Nascimento,031.380.917-86,22,16/05/2003,9668
130,Maria Júlia Montenegro,048.161.594-21,57,01/11/1968,5173
131,Srta. Mariah Cunha,049.042.515-69,13,25/10/2012,0934
132,Leandro Fonseca,043.969.942-45,23,21/10/2002,6009
133,Allana Albuquerque,025.668.238-00,31,05/11/1994,7059
134,Dra. Ana Carolina Siqueira,085.922.608-01,5,05/01/2021,3979
135,Kaique Siqueira,017.688.168-12,57,23/07/1968,6113
136,Juliana Carvalho,084.084.130-29,12,04/08/2013,1840
137,Matheus Sales,094.949.699-41,70,03/11/1955,1442
138,Luiz Otávio Ramos,041.945.779-29,55,13/11/1970,8091
139,Rhavi Porto,085.773.307-80,44,18/12/1981,8246
140,Sr. Pietro Santos,086.795.726-91,39,27/11/1986,8871
141,Catarina Costela,076.076.350-03,29,25/03/1997,3494
142,Jade Caldeira,098.913.557-80,17,20/11/2008,1420
143,Isis Moreira,061.210.796-59,73,12/12/1952,7145
144,Sra. Nina Pastor,092.177.687-02,4,17/12/2021,8429
145,Nicolas Ferreira,094.672.764-43,76,04/02/1950,3593
146,Amanda Moura,014.421.809-11,46,30/10/1979,6100
147,Alana Ferreira,003.796.839-92,9,08/03/2017,8102
148,Isabel Rodrigues,018.086.276-51,45,17/10/1980,0958
149,Isabel Duarte,065.581.891-92,42,08/03/1984,0426
150,Juliana da Costa,063.808.740-82,50,14/02/1976,4885
151,Marina Vargas,060.416.050-02,47,15/12/1978,5696
152,Valentim Pastor,075.236.428-54,37,24/11/1988,9593
153,Alice da Rosa,076.174.904-21,21,02/10/2004,7923
154,Davi Andrade,040.485.939-10,2,28/01/2024,7613
155,Sr. Arthur das Neves,093.904.078-90,66,15/11/1959,9997
156,Hadassa Cavalcanti,041.627.215-75,76,09/03/1950,4048
157,Amanda da Cunha,020.156.428-21,65,12/05/1961,5020
158,Maria Luiza da Rocha,030.700.131-02,70,14/01/1956,0656
159,Maitê Moura,095.613.645-28,48,19/11/1977,9990
160,Ísis Vasconcelos,088.942.996-55,52,27/09/1973,6433
161,Srta. Esther Freitas,099.703.601-24,17,15/03/2009,6924
162,Emanuel Andrade,055.510.098-16,70,08/05/1956,5328
163,João Pedro Ferreira,083.914.989-22,52,03/01/1974,6736
164,Maria Alice Rezende,066.373.943-29,42,08/12/1983,9043
165,Antonella Barbosa,019.905.158-66,18,15/12/2007,2617
166,Pietro Albuquerque,082.555.989-18,71,23/07/1954,4029
167,Ágatha Casa Grande,053.490.653-76,58,27/01/1968,4032
168,Maria Luiza Fernandes,054.031.526-41,47,07/07/1978,1811
169,Cecilia Carvalho,015.069.590-41,37,24/11/1988,6548
170,Dra. Luiza Sá,009.324.240-77,22,27/04/2004,5645
171,Esther da Costa,031.932.735-46,57,01/07/1968,3875
172,Levi Aparecida,080.637.343-61,28,28/03/1998,6346
173,Sr. Antony Jesus,002.273.874-40,59,20/06/1966,4817
174,Luiz Gustavo Alves,019.046.086-14,7,27/10/2018,6604
175,Miguel Andrade,066.005.291-65,24,28/10/2001,4464
176,Vitória da Costa,008.815.304-98,51,11/07/1974,7146
177,Anthony Gabriel Ramos,088.931.492-06,69,15/09/1956,5471
178,Ravy Ferreira,021.548.584-15,49,08/04/1977,3987
179,Vinícius Marques,015.380.438-45,0,23/04/2026,1597
180,Carlos Eduardo Souza,054.365.812-80,0,24/10/2025,1020
181,João Lopes,095.151.057-28,62,20/02/1964,7282
182,Dra. Rebeca Melo,025.676.699-50,47,27/12/1978,0461
183,Raul Borges,027.038.671-89,25,09/04/2001,6068
184,Gustavo Henrique Machado,052.187.391-07,26,27/11/1999,4025
185,Luan Nogueira,075.322.263-81,64,14/10/1961,8154
186,Cauê Dias,098.022.098-07,16,28/06/2009,3775
187,Ana Lívia da Mota,082.005.661-22,66,05/06/1959,0029
188,Sr. Gustavo Caldeira,035.297.685-72,21,09/09/2004,2765
189,Henry Porto,074.762.175-15,52,09/07/1973,4000
190,Rhavi Macedo,093.202.473-02,56,07/12/1969,1203
191,Arthur Miguel Ramos,007.700.201-80,31,23/03/1995,4330
192,Dr. José Moreira,088.562.382-18,3,21/04/2023,5887
193,Rebeca Sá,094.740.996-03,11,16/05/2014,2767
194,Henry Nascimento,091.800.514-93,77,31/05/1948,0644
195,Luiz Henrique Marques,020.367.811-22,22,25/06/2003,9508
196,Isabela Fogaça,083.291.965-73,5,06/05/2021,4025
197,Eduardo da Conceição,071.815.373-67,33,26/01/1993,1555
198,Maria Flor Sales,019.640.509-92,58,20/03/1968,4488
199,Rebeca Rios,095.454.839-10,64,02/11/1961,5126
200,Dra. Maria Luísa Brito,039.250.522-46,29,10/05/1997,6662
201,Francisco Leão,074.458.380-85,71,07/07/1954,1761
202,Maria Cecília Gonçalves,057.375.245-50,27,02/10/1998,2970
203,Asafe Leão,069.791.985-36,47,27/10/1978,3355
204,Sabrina Barbosa,054.780.763-59,23,22/09/2002,6530
205,Emanuelly Gomes,060.273.607-26,32,04/01/1994,4100
206,Ana Luiza Montenegro,027.223.209-30,8,06/09/2017,4772
207,Bruna Siqueira,098.447.501-39,2,20/06/2023,2446
208,Dr. Lucas Gabriel Almeida,024.715.519-60,44,14/02/1982,6194
209,Srta. Aylla Monteiro,041.771.056-25,29,22/12/1996,5571
210,Isadora das Neves,067.913.682-47,43,24/04/1983,3472
211,Eduardo Teixeira,023.224.799-62,54,03/05/1972,8316
212,Ravi Lucca Rezende,009.588.395-63,46,09/06/1979,2135
213,Yuri Castro,001.564.493-47,73,05/02/1953,6554
214,Srta. Maria Flor Silveira,060.573.594-16,20,03/06/2005,5335
215,Eduardo da Rocha,057.708.067-80,9,09/06/2016,2131
216,Rafaela Rodrigues,049.706.715-11,56,10/07/1969,9964
217,Matteo Teixeira,083.574.882-71,63,18/08/1962,2042
218,Ravi Lucca Melo,087.318.026-63,22,01/11/2003,5481
219,Pedro Henrique Fonseca,023.233.579-71,33,30/07/1992,4947
220,Henry Gabriel Martins,022.132.515-96,68,21/06/1957,3349
221,Maria Lopes,029.982.041-25,36,26/07/1989,1895
222,Vicente Novais,039.547.065-19,27,06/04/1999,3859
223,Aylla Camargo,090.270.314-51,28,05/11/1997,4943
224,João Pedro Abreu,084.231.928-04,63,29/05/1962,4289
225,Gustavo Rios,065.332.234-16,71,12/12/1954,9769
226,Sra. Maria Flor Rezende,017.098.196-27,54,20/06/1971,4649
227,Heitor da Mota,022.456.530-22,51,26/06/1974,2344
228,Eduardo Garcia,001.014.732-52,52,12/11/1973,2678
229,Vinicius da Mota,046.259.767-34,50,14/10/1975,6568
230,Henrique Souza,022.192.880-90,45,23/03/1981,3460
231,Dra. Allana Cardoso,073.136.338-36,3,16/12/2022,8222
232,Gabriela Vargas,080.130.923-86,65,14/01/1961,7429
233,Ana Liz Santos,016.998.578-25,65,27/04/1961,3700
234,Gustavo Henrique da Cruz,090.804.823-13,16,16/06/2009,8298
235,Vitor Barbosa,049.221.347-08,68,24/08/1957,1430
236,Beatriz da Costa,049.380.150-56,18,25/09/2007,0080
237,Laís Silveira,016.543.742-29,45,07/07/1980,3777
238,Caleb Camargo,073.818.940-40,6,12/08/2019,6607
239,Nathan Teixeira,023.620.144-72,55,30/12/1970,6289
240,Vitor Hugo Alves,058.074.536-86,45,28/02/1981,8412
241,Heloisa Leão,070.290.143-36,75,14/08/1950,4566
242,Gabriel da Rosa,095.171.882-59,67,08/06/1958,1711
243,Bryan da Costa,002.550.079-18,38,01/04/1988,2574
244,Luiz Henrique Gonçalves,003.241.427-31,50,08/05/1976,8625
245,Theodoro Aparecida,061.324.565-67,45,03/11/1980,7033
246,Dra. Maysa Pinto,009.207.131-89,7,24/06/2018,9132
247,Maria Alice Moraes,035.040.894-10,65,27/11/1960,7071
248,Eduarda Silveira,042.625.123-29,32,23/06/1993,8141
249,Francisco Moraes,063.396.383-43,47,17/10/1978,1513
250,Sr. Benicio das Neves,089.135.248-09,39,14/05/1986,5188
251,Augusto Montenegro,016.971.412-64,44,23/06/1981,5713
252,Luiz Gustavo Rodrigues,042.122.699-44,57,03/05/1969,7796
253,Natália Duarte,014.866.554-33,16,24/08/2009,6712
254,Maria Laura Nunes,021.908.494-85,77,11/09/1948,5412
255,João Felipe Moura,090.449.445-25,43,09/05/1983,5166
256,Alice das Neves,094.257.100-25,20,09/10/2005,5419
257,Ana Vitória Nogueira,087.300.890-72,19,23/02/2007,8140
258,José Miguel Sampaio,020.427.597-78,26,09/04/2000,6039
259,Heloísa Viana,098.436.768-32,40,26/03/1986,4950
260,Lavínia Pereira,087.965.801-47,40,14/01/1986,7609
261,Sra. Isabella Souza,059.993.567-53,42,20/11/1983,4931
262,Kaique Souza,095.603.337-31,66,22/05/1959,8075
263,Jade Melo,006.125.371-37,24,30/05/2001,0638
264,Olívia Fernandes,086.759.289-52,3,27/09/2022,8665
265,Kamilly Vargas,090.009.433-68,35,26/04/1991,4098
266,Thomas Cassiano,048.844.518-32,21,29/12/2004,1797
267,Caio Campos,071.949.077-96,60,13/04/1966,6659
268,Maria Júlia Cunha,032.420.337-28,7,25/10/2018,0751
269,Srta. Maria Clara Mendonça,025.340.046-64,30,15/11/1995,0266
270,Cauê Abreu,038.186.320-02,16,04/08/2009,5500
271,Luiza Cirino,022.697.903-15,46,07/03/1980,3840
272,Dr. Luan Costela,080.027.446-92,17,13/11/2008,4202
273,Augusto Barros,079.595.819-21,63,20/11/1962,9464
274,Pedro Ferreira,019.644.107-18,79,16/09/1946,2700
275,Olivia Silveira,088.022.585-88,78,08/04/1948,8273
276,Ana Laura Cavalcante,026.460.062-73,66,21/02/1960,5807
277,Mariana Ferreira,006.804.237-33,48,22/05/1977,7705
278,Enrico Gonçalves,045.038.554-39,45,25/01/1981,3184
279,João Vitor Castro,092.654.779-92,49,31/10/1976,1213
280,João Gabriel Castro,072.119.399-13,31,12/05/1995,4969
281,Fernanda Campos,086.518.579-26,77,02/09/1948,4202
282,Joana Vieira,059.945.357-51,26,31/01/2000,1718
283,Maria Clara Farias,023.394.168-76,24,27/03/2002,4330
284,Sra. Beatriz Sousa,011.384.533-27,33,18/03/1993,7478
285,Cauê Rocha,039.064.984-19,55,28/09/1970,4236
286,Ana Laura Rios,014.323.541-07,50,20/01/1976,6823
287,Dr. Nicolas Cassiano,052.867.024-03,34,01/11/1991,7616
288,Caroline Pimenta,063.924.364-24,15,13/10/2010,7527
289,Thiago Sampaio,097.245.840-97,57,02/04/1969,5974
290,Alexia Monteiro,059.893.919-55,29,20/11/1996,6220
291,Dra. Maria Luiza da Luz,082.724.893-80,15,01/11/2010,6997
292,Henrique Garcia,012.176.234-28,54,15/07/1971,6843
293,Jade Albuquerque,011.458.504-13,33,06/08/1992,7395
294,André Correia,090.196.018-28,6,12/03/2020,2057
295,Emanuel Pastor,021.381.214-83,56,17/08/1969,4003
296,André Araújo,062.660.095-05,11,08/12/2014,7035
297,Srta. Bella Pastor,002.397.213-81,27,03/01/1999,8707
298,Kevin Pacheco,004.981.015-44,0,02/09/2025,3535
299,Lorena Guerra,018.637.503-96,28,27/11/1997,8494
300,Mathias Nascimento,041.871.873-30,72,07/08/1953,2345
301,Paulo Victor Souza Rodrigues,072.702.743-39,23,11/09/2002,5522